{
  "ordered": {
    "voltage": -3.4918167947212972,
    "formation_energy": -4.942507963168387,
    "volume_change": 0.7011837268231755
  },
  "sqs_results": [],
  "n_sqs_done": 0,
  "complete": false
}