{
  "material": "Na3V2(PO4)3 (NASICON)",
  "structure": "R-3c (rhombohedral)",
  "mlip": "MACE-MP-0",
  "n_dopants": 18,
  "n_sqs": 5,
  "supercell": [
    1,
    1,
    1
  ],
  "n_atoms": 126,
  "v_sublattice": {
    "nn_dist": 4.42,
    "next_shell": 5.1,
    "anisotropy": 1.15,
    "na_transport_dim": "3D"
  },
  "predictor": {
    "R_voltage": 1.15,
    "R_Ef": 0.0,
    "R_volume": 1.15,
    "prediction_voltage": "UNSAFE",
    "prediction_Ef": "SAFE"
  },
  "dopant_results": {
    "Al": {
      "voltage_ordered": -4.3035572749316815,
      "voltage_disordered_mean": -4.174037576561836,
      "voltage_disordered_std": 0.28623360255569735,
      "ef_ordered": -6.563700862459249,
      "ef_disordered_mean": -6.567715169302227,
      "ef_disordered_std": 0.057675824660723206,
      "volume_change_ordered": 2.8970254727082985,
      "volume_change_disordered_mean": 3.3650353567224682,
      "volume_change_disordered_std": 1.1405091205481641,
      "n_sqs_converged": 5,
      "time_s": 254.22156143188477
    },
    "Co": {
      "voltage_ordered": -4.712501742107075,
      "voltage_disordered_mean": -4.55199994407443,
      "voltage_disordered_std": 0.1625196929444908,
      "ef_ordered": -6.607352381370119,
      "ef_disordered_mean": -6.5597292395055575,
      "ef_disordered_std": 0.009001410580787244,
      "volume_change_ordered": 8.385043893043107,
      "volume_change_disordered_mean": 2.6695140158704627,
      "volume_change_disordered_std": 2.410306375239119,
      "n_sqs_converged": 5,
      "time_s": 193.68234276771545
    },
    "Cr": {
      "voltage_ordered": -4.10260759079524,
      "voltage_disordered_mean": -4.1729655585009295,
      "voltage_disordered_std": 0.33022460150263006,
      "ef_ordered": -6.676611675926076,
      "ef_disordered_mean": -6.603436990518567,
      "ef_disordered_std": 0.01756410277262591,
      "volume_change_ordered": 9.993496603723145,
      "volume_change_disordered_mean": 3.7345475042097016,
      "volume_change_disordered_std": 1.4221244935070012,
      "n_sqs_converged": 5,
      "time_s": 267.0080726146698
    },
    "Cu": {
      "voltage_ordered": -4.822477923199149,
      "voltage_disordered_mean": -4.6324056207703,
      "voltage_disordered_std": 0.06601259114419207,
      "ef_ordered": -6.5810163767105205,
      "ef_disordered_mean": -6.53079887419905,
      "ef_disordered_std": 0.03570763193041673,
      "volume_change_ordered": 11.61214294407078,
      "volume_change_disordered_mean": 2.9867241874979085,
      "volume_change_disordered_std": 1.9672670415553775,
      "n_sqs_converged": 5,
      "time_s": 250.4900622367859
    },
    "Fe": {
      "voltage_ordered": -4.430500965819173,
      "voltage_disordered_mean": -4.4248941949940335,
      "voltage_disordered_std": 0.11933923905033655,
      "ef_ordered": -6.585403305661861,
      "ef_disordered_mean": -6.587567775474864,
      "ef_disordered_std": 0.006375810164028421,
      "volume_change_ordered": 3.712135935811948,
      "volume_change_disordered_mean": 4.038350055275208,
      "volume_change_disordered_std": 2.078761992656962,
      "n_sqs_converged": 5,
      "time_s": 231.99638199806213
    },
    "Ga": {
      "voltage_ordered": -4.193869820991708,
      "voltage_disordered_mean": -4.192401691543025,
      "voltage_disordered_std": 0.4932702973966425,
      "ef_ordered": -6.545506620694807,
      "ef_disordered_mean": -6.534954285326014,
      "ef_disordered_std": 0.06411443734925155,
      "volume_change_ordered": 5.899736363612504,
      "volume_change_disordered_mean": 4.817827769445528,
      "volume_change_disordered_std": 2.3417751094585886,
      "n_sqs_converged": 5,
      "time_s": 270.0148174762726
    },
    "Ge": {
      "voltage_ordered": -4.118505494821221,
      "voltage_disordered_mean": -4.033243494007752,
      "voltage_disordered_std": 0.3500353130362236,
      "ef_ordered": -6.540514423602386,
      "ef_disordered_mean": -6.503933807215954,
      "ef_disordered_std": 0.04946827987769794,
      "volume_change_ordered": 6.600076623296556,
      "volume_change_disordered_mean": 5.682027095393947,
      "volume_change_disordered_std": 1.1513091439542322,
      "n_sqs_converged": 5,
      "time_s": 225.5492446422577
    },
    "Mg": {
      "voltage_ordered": -4.469519557947383,
      "voltage_disordered_mean": -4.026239528547791,
      "voltage_disordered_std": 0.24081597679724367,
      "ef_ordered": -6.526834241907655,
      "ef_disordered_mean": -6.503933074323312,
      "ef_disordered_std": 0.04749199698937035,
      "volume_change_ordered": 4.135226295399439,
      "volume_change_disordered_mean": 3.899594076621297,
      "volume_change_disordered_std": 2.8294553805249336,
      "n_sqs_converged": 5,
      "time_s": 288.90234637260437
    },
    "Mn": {
      "voltage_ordered": -4.47984930793903,
      "voltage_disordered_mean": -4.211198547141818,
      "voltage_disordered_std": 0.2917807186845823,
      "ef_ordered": -6.582847947768945,
      "ef_disordered_mean": -6.559086644855181,
      "ef_disordered_std": 0.046108693453184406,
      "volume_change_ordered": 0.5588660214156334,
      "volume_change_disordered_mean": 5.354930973759418,
      "volume_change_disordered_std": 2.133976644977515,
      "n_sqs_converged": 5,
      "time_s": 351.54068756103516
    },
    "Mo": {
      "voltage_ordered": -3.6463486455670355,
      "voltage_disordered_mean": -3.5989434196931525,
      "voltage_disordered_std": 0.5449941219627971,
      "ef_ordered": -6.436011238559279,
      "ef_disordered_mean": -6.4296099875749535,
      "ef_disordered_std": 0.07020660223068138,
      "volume_change_ordered": 1.0408414061044404,
      "volume_change_disordered_mean": 1.2760956738214662,
      "volume_change_disordered_std": 1.295543714745693,
      "n_sqs_converged": 5,
      "time_s": 490.93193197250366
    },
    "Nb": {
      "voltage_ordered": -4.131875667938819,
      "voltage_disordered_mean": -3.453445364555037,
      "voltage_disordered_std": 0.555594297798173,
      "ef_ordered": -6.627404546866905,
      "ef_disordered_mean": -6.506761156255516,
      "ef_disordered_std": 0.06639071699705576,
      "volume_change_ordered": 2.4164962526821885,
      "volume_change_disordered_mean": 5.981312242488599,
      "volume_change_disordered_std": 4.540856977451484,
      "n_sqs_converged": 5,
      "time_s": 383.46356320381165
    },
    "Ni": {
      "voltage_ordered": -4.510914267441592,
      "voltage_disordered_mean": -4.320700853887357,
      "voltage_disordered_std": 0.26044846287034257,
      "ef_ordered": -6.603285321217744,
      "ef_disordered_mean": -6.533823330320293,
      "ef_disordered_std": 0.04590468656093584,
      "volume_change_ordered": 8.433405286337932,
      "volume_change_disordered_mean": 4.7379530098312514,
      "volume_change_disordered_std": 2.4532630162814417,
      "n_sqs_converged": 5,
      "time_s": 292.47413063049316
    },
    "Ru": {
      "voltage_ordered": -4.405764892594917,
      "voltage_disordered_mean": -3.6634429241005186,
      "voltage_disordered_std": 0.3761320419758636,
      "ef_ordered": -6.54863013738877,
      "ef_disordered_mean": -6.453903706200324,
      "ef_disordered_std": 0.029062236546193894,
      "volume_change_ordered": 0.6034939574025113,
      "volume_change_disordered_mean": 1.8779271178356491,
      "volume_change_disordered_std": 1.4021538298113378,
      "n_sqs_converged": 5,
      "time_s": 371.3987283706665
    },
    "Sc": {
      "voltage_ordered": -4.270235738938216,
      "voltage_disordered_mean": -4.403957695443805,
      "voltage_disordered_std": 0.03466174415379297,
      "ef_ordered": -6.831966911716005,
      "ef_disordered_mean": -6.6801035281820145,
      "ef_disordered_std": 0.03989058513070046,
      "volume_change_ordered": 10.070802193004658,
      "volume_change_disordered_mean": 3.2500934609114687,
      "volume_change_disordered_std": 1.7118774103581134,
      "n_sqs_converged": 5,
      "time_s": 194.07527613639832
    },